Reporting Year,Building ID,MapLot,Year Added,Annual Report Received,Report Type,Buildings Included,Parent Building ID,Assessor Address,Address Point GIS,Grantee,Property Type,Year Built,Property GFA - Self Reported (ft2),Total GHG Emissions (Metric Tons CO2e),Water Use (All Water Sources) (kgal)
2018,680-2,47-85,2015,Yes,Single,,,84 Wadsworth St,"60 Wadsworth St
Cambridge, MA",Massachusetts Institute Of Technology,College/University,1967,172359,977,4896.7
2018,662-7,69-62,2015,Yes,Parent,"662-7, 662-11",,20 Sidney St,"20 Sidney St
Cambridge, MA",Massachusetts Institute Of Technology,Supermarket/Grocery Store,1999,42419,811.2,1086
2018,665-4,92-124,2015,Yes,Single,,,88 Auburn Pk,"70 Brookline St
Cambridge, MA",Massachusetts Institute Of Technology,Multifamily Housing,2000,19156,78.4,799.8
2018,662-1,69-159,2015,No,Single,,,350 Massachusetts Ave,"350 Massachusetts Ave
Cambridge, MA",Massachusetts Institute Of Technology,,,,,
2018,699-12,55-20,2016,Yes,Parent,"699-12, 699-17",,184 Albany St,"184 Albany St
Cambridge, MA",Massachusetts Institute Of Technology,College/University,1980,120137,1679.3,136.1
2018,708-12,57-171,2015,Yes,Single,,,106 Vassar St,"48-R Massachusetts Ave
Cambridge, MA",Massachusetts Institute Of Technology,College/University,1955,5339,99.3,15.7
2018,665-15,92-130,2015,Yes,Single,,,80 Auburn Pk,"117 Pacific St
Cambridge, MA",Massachusetts Institute Of Technology,Multifamily Housing,1990,3449,9.8,133.8
2018,668-38,52A-21,2015,Yes,Single,,,60 Vassar St,"50 Vassar St
Cambridge, MA",Massachusetts Institute Of Technology,College/University,1973,84329,1206.2,878.9
2018,680-10,47-90,2015,Yes,Single,,,100 Main St,"30 Memorial Dr
Cambridge, MA",Massachusetts Institute Of Technology,College/University,1994,30130,222.8,68.8
2018,655-2,70-22,2016,Yes,Single,,,730 Main St,"730 Main St
Cambridge, MA",Massachusetts Institute Of Technology,Office,1910,38000,2.8,
2018,665-11,92-130,2015,Yes,Child,"665-10, 665-11",,80 Auburn Pk,"94 Brookline St
Cambridge, MA",Massachusetts Institute Of Technology,Multifamily Housing,1990,12240,37.1,474.8
2018,665-1,92-124,2015,Yes,Single,,,88 Auburn Pk,"66 Brookline St
Cambridge, MA",Massachusetts Institute Of Technology,Multifamily Housing,2000,6652,17.7,324.9
2018,747-4,62-34,2015,Yes,Single,,,560 Memorial Dr,"290 Vassar St
Cambridge, MA",Massachusetts Institute Of Technology,College/University,1963,9321,0,0
2018,708-18,57-169,2015,Yes,Single,,,76 Massachusetts Ave,"84 Massachusetts Ave
Cambridge, MA",Massachusetts Institute Of Technology,College/University,1965,183162,2676.1,2933.9
2018,667-4,52A-31,2015,Yes,Single,,,71 Vassar St,"51 Vassar St
Cambridge, MA",Massachusetts Institute Of Technology,College/University,1939,16119,,0
2018,668-35,52A-21,2015,Yes,Single,,,60 Vassar St,"127 Massachusetts Ave
Cambridge, MA",Massachusetts Institute Of Technology,College/University,1952,68012,1021.5,271.5
2018,668-17,52A-21,2015,Yes,Single,,,60 Vassar St,"76 Vassar St
Cambridge, MA",Massachusetts Institute Of Technology,College/University,1939,6075,45.7,92
2018,665-6,92-130,2015,Yes,Single,,,80 Auburn Pk,"84 Auburn Pk
Cambridge, MA",Massachusetts Institute Of Technology,Multifamily Housing,1990,21327,78.1,619.4
2018,747-7,61-14,2015,Yes,Single,,,515 Memorial Dr,"500 Memorial Dr
Cambridge, MA",Massachusetts Institute Of Technology,College/University,1981,132006,706.8,5176.5
2018,665-16,92-130,2015,Yes,Single,,,80 Auburn Pk,"115 Pacific St
Cambridge, MA",Massachusetts Institute Of Technology,Multifamily Housing,1990,6505,22,252.3
2018,687-2,69-179,2015,No,Single,,,35 Landsdowne St,"35 Landsdowne St
Cambridge, MA",Massachusetts Institute Of Technology,,,,,
2018,695-5,68-74,2015,Yes,Single,,,100 Landsdowne St,"100 Landsdowne St
Cambridge, MA",Massachusetts Institute Of Technology,Multifamily Housing,2005,239086,852.1,8719.6
2018,696-5,52A-19,2015,Yes,Single,,,111 Memorial Dr,"70 Amherst St
Cambridge, MA",Massachusetts Institute Of Technology,College/University,1916,64671,471.1,1167.7
2018,746-2,63-128,2016,Yes,Single,,,345 Vassar St,"345 Vassar St
Cambridge, MA",Massachusetts Institute Of Technology,College/University,2001,26000,68.6,17.2
2018,674-5,48-107,2016,Yes,Single,,,264 Main St,"55 Hayward St
Cambridge, MA",Massachusetts Institute Of Technology,Office,1890,42126,,
2018,661-2,71-46,2016,Yes,Single,,,41 Albany St,"600 Main St
Cambridge, MA",Massachusetts Institute Of Technology,Office,1950,54000,5.9,
2018,668-6,52A-21,2015,Yes,Single,,,60 Vassar St,"182-R Memorial Dr
Cambridge, MA",Massachusetts Institute Of Technology,College/University,1933,91926,1687.1,939
2018,702-3,68-56,2016,Yes,Single,,,167 Albany St,"167 Albany St
Cambridge, MA",Massachusetts Institute Of Technology,College/University,1981,50148,348.7,90.5
2018,668-26,52A-21,2015,Yes,Single,,,60 Vassar St,"60 Vassar St
Cambridge, MA",Massachusetts Institute Of Technology,College/University,1957,133545,1966.8,1363.9
2018,747-1,60-6,2015,Yes,Single,,,500 Memorial Dr,"450 Memorial Dr
Cambridge, MA",Massachusetts Institute Of Technology,College/University,1970,171141,884.8,4427
2018,668-8,52A-21,2015,Yes,Single,,,60 Vassar St,"21 Ames St
Cambridge, MA",Massachusetts Institute Of Technology,College/University,1916,65896,1373.4,666.7
2018,668-36,52A-21,2015,Yes,Single,,,60 Vassar St,"50 Vassar St
Cambridge, MA",Massachusetts Institute Of Technology,College/University,1973,145819,2936.3,1484.8
2018,687-5,69-183,2015,No,Single,,,88 Sidney St,"88 Sidney St
Cambridge, MA",Massachusetts Institute Of Technology,,,,,
2018,668-57,52A-21,2015,Yes,Single,,,60 Vassar St,"6 Vassar St
Cambridge, MA",Massachusetts Institute Of Technology,College/University,1940,39121,592,425
2018,667-5,52A-31,2015,No,Single,,,71 Vassar St,"57 Vassar St
Cambridge, MA",Massachusetts Institute Of Technology,,,,,
2018,668-68,52A-22,2015,Yes,Single,,,31 Ames St,"31 Ames St
Cambridge, MA",Massachusetts Institute Of Technology,College/University,1994,260390,8400.3,3677.4
2018,708-13,57-171,2015,Yes,Single,,,106 Vassar St,"48-R Massachusetts Ave
Cambridge, MA",Massachusetts Institute Of Technology,College/University,1956,42146,1434.5,1074.2
2018,702-2,68-34,2015,Yes,Single,,,143 Albany St,"143 Albany St
Cambridge, MA",Massachusetts Institute Of Technology,College/University,1922,132530,647.5,2695.2
2018,667-7,52A-31,2015,Yes,Single,,,71 Vassar St,"77 Vassar St
Cambridge, MA",Massachusetts Institute Of Technology,College/University,1917,26079,,0
2018,744-10,66-12,2016,Yes,Single,,,13 Chestnut St,"631 Putnam Ave
Cambridge, MA",Massachusetts Institute Of Technology,Office,1960,79500,58.6,3
2018,665-12,92-130,2015,Yes,Single,,,80 Auburn Pk,"42 Pilgrim St
Cambridge, MA",Massachusetts Institute Of Technology,Multifamily Housing,1990,5750,23.7,223
2018,680-14,47-90,2015,Yes,Single,,,100 Main St,"100 Main St
Cambridge, MA",Massachusetts Institute Of Technology,College/University,2010,405034,1303,860.3
2018,750-3,62-18,2016,Yes,Single,,,565 Memorial Dr,"565 Memorial Dr
Cambridge, MA",Massachusetts Institute Of Technology,College/University,1949,35748,1279.1,2155.1
2018,668-66,52A-21,2015,Yes,Single,,,60 Vassar St,"25 Ames St
Cambridge, MA",Massachusetts Institute Of Technology,College/University,1976,133798,3316,1376
2018,714-4,67-66,2016,Yes,Single,,,287 Albany St,"281 Albany St
Cambridge, MA",Massachusetts Institute Of Technology,Laboratory,1950,31768,786.9,134
2018,749-1,65-48,2015,Yes,Single,,,344 Brookline St,"350 Brookline St
Cambridge, MA",Massachusetts Institute Of Technology,College/University,1965,42146,141.2,56.1
2018,668-7,52A-21,2015,Yes,Single,,,60 Vassar St,"77 Massachusetts Ave
Cambridge, MA",Massachusetts Institute Of Technology,College/University,1938,119055,1933.4,1241.5
2018,728-1,58-161,2015,Yes,Single,,,305 Memorial Dr,"305 Memorial Dr
Cambridge, MA",Massachusetts Institute Of Technology,College/University,1939,189693,1285.5,3444.8
2018,714-5,67-49,2015,Yes,Single,,,247 Albany St,"235 Albany St
Cambridge, MA",Massachusetts Institute Of Technology,College/University,2008,252835,1790,6149
2018,668-33,52A-21,2015,Yes,Single,,,60 Vassar St,"125 Massachusetts Ave
Cambridge, MA",Massachusetts Institute Of Technology,College/University,1928,55046,412.4,160.8
2018,699-25,56-8,2015,Yes,Single,,,120 Albany St,"138 Albany St
Cambridge, MA",Massachusetts Institute Of Technology,College/University,1955,49933,1230,9492
2018,696-7,52A-19,2015,Yes,Single,,,111 Memorial Dr,"111 Memorial Dr
Cambridge, MA",Massachusetts Institute Of Technology,College/University,1917,18643,280.1,0
2018,708-5,57-131,2015,Yes,Single,,,120 Massachusetts Ave,"120 Massachusetts Ave
Cambridge, MA",Massachusetts Institute Of Technology,College/University,1957,71444,686,258.1
2018,668-39,52A-21,2015,Yes,Single,,,60 Vassar St,"60 Vassar St
Cambridge, MA",Massachusetts Institute Of Technology,College/University,1968,75808,3503.7,787.6
2018,699-6,55-9,2015,Yes,Single,,,144 Albany St,"150 Albany St
Cambridge, MA",Massachusetts Institute Of Technology,College/University,1962,144308,2473.5,1321.1
2018,672-6,48-129,2015,Yes,Single,,,40 Ames St,"75 Amherst St
Cambridge, MA",Massachusetts Institute Of Technology,College/University,2009,173875,2699.3,1839.5
2018,747-3,62-34,2015,Yes,Single,,,560 Memorial Dr,"278 Vassar St
Cambridge, MA",Massachusetts Institute Of Technology,College/University,1963,13996,0,0
2018,668-10,52A-21,2015,Yes,Single,,,60 Vassar St,"222 Memorial Dr
Cambridge, MA",Massachusetts Institute Of Technology,College/University,1916,143921,2563.8,1484.8
2018,668-4,52A-21,2015,Yes,Single,,,60 Vassar St,"182-R Memorial Dr
Cambridge, MA",Massachusetts Institute Of Technology,College/University,1916,162565,2612.2,1665.8
2018,668-62,52A-21,2015,Yes,Single,,,60 Vassar St,"3-R Ames St
Cambridge, MA",Massachusetts Institute Of Technology,College/University,1931,77154,0,0
2018,668-1,52A-21,2015,Yes,Single,,,60 Vassar St,"33 Massachusetts Ave
Cambridge, MA",Massachusetts Institute Of Technology,College/University,1917,116239,1921,1178.3
2018,667-1,52A-31,2015,Yes,Single,,,71 Vassar St,"15 Vassar St
Cambridge, MA",Massachusetts Institute Of Technology,College/University,1951,57227,933.1,994.2
2018,669-6,70-34,2015,Yes,Single,,,30 State St,"265 Massachusetts Ave
Cambridge, MA",Massachusetts Institute Of Technology,College/University,1964,103874,766.9,250.6
2018,665-10,92-130,2015,Yes,Parent,"665-10, 665-11",,80 Auburn Pk,"48 Pilgrim St
Cambridge, MA",Massachusetts Institute Of Technology,Multifamily Housing,1990,12240,37.1,474.8
2018,668-14,52A-21,2015,Yes,Single,,,60 Vassar St,"160 Memorial Dr
Cambridge, MA",Massachusetts Institute Of Technology,College/University,1951,154516,2176.2,1575.3
2018,705-1,67-44,2015,Yes,Single,,,24 Waverly St,"100 Sidney St
Cambridge, MA",Massachusetts Institute Of Technology,College/University,2002,362687,1539.6,6502.8
2018,696-1,47-83,2015,Yes,Single,,,70 Memorial Dr,"70 Memorial Dr
Cambridge, MA",Massachusetts Institute Of Technology,College/University,1980,107991,,329.1
2018,667-2,52A-31,2015,Yes,Single,,,71 Vassar St,"43 Vassar St
Cambridge, MA",Massachusetts Institute Of Technology,College/University,2005,418663,13580,8295.1
2018,665-18,92-130,2015,Yes,Child,"665-10, 665-11",,80 Auburn Pk,"3 Brookline Pl
Cambridge, MA",Massachusetts Institute Of Technology,Multifamily Housing,1990,12240,37.1,474.8
2018,737-2,58-158,2015,Yes,Single,,,360 Memorial Dr,"362 Memorial Dr
Cambridge, MA",Massachusetts Institute Of Technology,College/University,1949,133099,851.9,242.4
2018,662-9,69-110,2015,Yes,Single,,,282-290 Massachusetts Ave,"282 Massachusetts Ave
Cambridge, MA",Massachusetts Institute Of Technology,College/University,1968,39470,188.7,1074.2
2018,665-7,92-130,2015,Yes,Single,,,80 Auburn Pk,"72 Brookline St
Cambridge, MA",Massachusetts Institute Of Technology,Multifamily Housing,1990,15441,58,889.8
2018,672-1,48-129,2015,Yes,Single,,,40 Ames St,"40 Ames St
Cambridge, MA",Massachusetts Institute Of Technology,College/University,1975,83518,1777.1,6718.3
2018,652-2,92-118,2015,Yes,Single,,,23 Sidney St,"23 Sidney St
Cambridge, MA",Massachusetts Institute Of Technology,Multifamily Housing,2005,56631,166,1904.6
2018,665-14,92-125,2016,No,Single,,,30 Pilgrim St,"30 Pilgrim St
Cambridge, MA",Massachusetts Institute Of Technology,,,,,
2018,668-54,52A-21,2015,Yes,Single,,,60 Vassar St,"21 Ames St
Cambridge, MA",Massachusetts Institute Of Technology,College/University,1964,129397,1917.6,1303.1
2018,699-18,55-19,2015,Yes,Single,,,224 Albany St,"224 Albany St
Cambridge, MA",Massachusetts Institute Of Technology,College/University,1958,85812,725.8,2016.7
2018,687-1,69-165,2015,No,Single,,,38 Sidney St,"38 Sidney St
Cambridge, MA",Massachusetts Institute Of Technology,,,,,
2018,665-9,92-130,2015,Yes,Single,,,80 Auburn Pk,"41 Pilgrim St
Cambridge, MA",Massachusetts Institute Of Technology,Multifamily Housing,1990,6350,28.5,365.9
2018,699-19,55-18,2016,Yes,Single,,,234 Albany St,"230 Albany St
Cambridge, MA",Massachusetts Institute Of Technology,College/University,2001,22780,100.3,1.5
2018,668-9,52A-21,2015,Yes,Single,,,60 Vassar St,"105 Massachusetts Ave
Cambridge, MA",Massachusetts Institute Of Technology,College/University,1967,75421,1107.4,787.6
2018,747-5,62-34,2015,Yes,Single,,,560 Memorial Dr,"15 Audrey St
Cambridge, MA",Massachusetts Institute Of Technology,College/University,1963,13983,0,0
2018,668-34,52A-21,2015,Yes,Single,,,60 Vassar St,"50 Vassar St
Cambridge, MA",Massachusetts Institute Of Technology,College/University,1983,26966,459.3,
2018,672-8,48-129,2015,Yes,Single,,,40 Ames St,"45 Carleton St
Cambridge, MA",Massachusetts Institute Of Technology,College/University,1982,156676,3376.5,41.5
2018,668-37,52A-21,2015,Yes,Single,,,60 Vassar St,"70 Vassar St
Cambridge, MA",Massachusetts Institute Of Technology,College/University,1969,102833,2312.8,1059.8
2018,668-3,52A-21,2015,Yes,Single,,,60 Vassar St,"33-R Massachusetts Ave
Cambridge, MA",Massachusetts Institute Of Technology,College/University,1916,160124,3160.4,1636.1
2018,708-20,57-171,2015,Yes,Single,,,106 Vassar St,"120 Vassar St
Cambridge, MA",Massachusetts Institute Of Technology,College/University,2002,122080,2543.9,6223
2018,695-1,68-77,2015,No,Single,,,26 Landsdowne St,"26 Landsdowne St
Cambridge, MA",Massachusetts Institute Of Technology,,,,,
2018,668-5,52A-21,2015,Yes,Single,,,60 Vassar St,"55 Massachusetts Ave
Cambridge, MA",Massachusetts Institute Of Technology,College/University,1920,80942,1540.4,847.7
2018,665-3,92-124,2015,Yes,Single,,,88 Auburn Pk,"1 Brookline Pl
Cambridge, MA",Massachusetts Institute Of Technology,Multifamily Housing,2000,34000,190.7,1152
2018,668-13,52A-21,2015,Yes,Single,,,60 Vassar St,"105-R Massachusetts Ave
Cambridge, MA",Massachusetts Institute Of Technology,College/University,1965,183169,5321.8,1877.9
2018,703-6,54-28,2015,Yes,Single,,,269 Vassar St,"229 Vassar St
Cambridge, MA",Massachusetts Institute Of Technology,College/University,2002,191190,1583,3580.9
2018,668-2,52A-21,2015,Yes,Single,,,60 Vassar St,"182 Memorial Dr
Cambridge, MA",Massachusetts Institute Of Technology,College/University,1916,121650,2501.9,1242.3
2018,702-6,68-57,2016,Yes,Single,,,175 Albany St,"175 Albany St
Cambridge, MA",Massachusetts Institute Of Technology,College/University,1923,45397,455.1,0
2018,747-9,60-6,2015,Yes,Single,,,500 Memorial Dr,"476 Memorial Dr
Cambridge, MA",Massachusetts Institute Of Technology,College/University,1976,114930,524.5,0
2018,666-1,53-61,2015,Yes,Single,,,43 Vassar St,"32 Albany St
Cambridge, MA",Massachusetts Institute Of Technology,College/University,1966,143032,41.3,
2018,708-16,57-171,2015,Yes,Single,,,106 Vassar St,"410-R Memorial Dr
Cambridge, MA",Massachusetts Institute Of Technology,College/University,1971,27388,152.4,0
2018,665-8,92-130,2015,Yes,Single,,,80 Auburn Pk,"45 Pilgrim St
Cambridge, MA",Massachusetts Institute Of Technology,Multifamily Housing,1990,9118,31.5,525.4
2018,668-76,52A-22,2015,Yes,Single,,,31 Ames St,"500 Main St
Cambridge, MA",Massachusetts Institute Of Technology,College/University,2010,367689,9197,9824.2
2018,747-8,62-36,2015,Yes,Single,,,Audrey St,"550 Memorial Dr
Cambridge, MA",Massachusetts Institute Of Technology,College/University,1973,152315,877.1,5326.1
2018,668-32,52A-21,2015,Yes,Single,,,60 Vassar St,"32 Vassar St
Cambridge, MA",Massachusetts Institute Of Technology,College/University,2004,464005,5072.6,8926.5
2018,747-6,62-34,2015,Yes,Single,,,560 Memorial Dr,"540 Memorial Dr
Cambridge, MA",Massachusetts Institute Of Technology,College/University,1963,162225,1267.9,7409.5
2018,728-3,58-95,2015,Yes,Single,,,314 Memorial Dr,"320 Memorial Dr
Cambridge, MA",Massachusetts Institute Of Technology,College/University,1963,138589,846.3,2882.2
2018,668-16,52A-21,2015,Yes,Single,,,60 Vassar St,"21 Ames St
Cambridge, MA",Massachusetts Institute Of Technology,College/University,1952,116490,3445.8,1211.1
2018,708-19,57-131,2015,Yes,Single,,,120 Massachusetts Ave,"100 Massachusetts Ave
Cambridge, MA",Massachusetts Institute Of Technology,College/University,1959,46574,848.6,1907.5
2018,668-11,52A-21,2015,Yes,Single,,,60 Vassar St,"77-R Massachusetts Ave
Cambridge, MA",Massachusetts Institute Of Technology,College/University,1928,26705,944.3,303.3
2018,672-3,48-129,2015,Yes,Single,,,40 Ames St,"25 Carleton St
Cambridge, MA",Massachusetts Institute Of Technology,College/University,1982,101813,1482,22.3
2018,668-50,52A-21,2015,Yes,Single,,,60 Vassar St,"142 Memorial Dr
Cambridge, MA",Massachusetts Institute Of Technology,College/University,1917,73703,826.7,448.8
2018,687-4,69-182,2015,No,Single,,,65 Landsdowne St,"65 Landsdowne St
Cambridge, MA",Massachusetts Institute Of Technology,,,,,
2018,677-3,47-88,2015,Yes,Single,,,1 Amherst St,"1 Amherst St
Cambridge, MA",Massachusetts Institute Of Technology,College/University,1969,106715,651.2,190
2018,708-21,57-171,2015,Yes,Single,,,106 Vassar St,"106 Vassar St
Cambridge, MA",Massachusetts Institute Of Technology,College/University,1980,109398,843.8,738.3
2018,665-5,92-127,2015,No,Single,,,45-75 Sidney St,"45 Sidney St
Cambridge, MA",Massachusetts Institute Of Technology,,,,,
2018,668-18,52A-21,2015,Yes,Single,,,60 Vassar St,"21 Ames St
Cambridge, MA",Massachusetts Institute Of Technology,College/University,1969,133552,5289.3,1363.9
2018,699-13,55-9,2015,Yes,Single,,,144 Albany St,"170 Albany St
Cambridge, MA",Massachusetts Institute Of Technology,College/University,1962,16137,480.8,0
2018,750-1,62-41,2015,Yes,Single,,,304 Vassar St,"304 Vassar St
Cambridge, MA",Massachusetts Institute Of Technology,College/University,1999,86522,894.4,269.3
2018,665-2,92-124,2015,Yes,Single,,,88 Auburn Pk,"68 101 Brookline St
Cambridge, MA",Massachusetts Institute Of Technology,Multifamily Housing,2000,6440,25.5,268.9
2018,668-31,52A-21,2015,Yes,Single,,,60 Vassar St,"70-R Vassar St
Cambridge, MA",Massachusetts Institute Of Technology,College/University,1928,63579,1489.6,666.7
2018,699-17,55-7,2015,Yes,Child,"699-12, 699-17",,190 Albany St,"190 Albany St
Cambridge, MA",Massachusetts Institute Of Technology,College/University,1980,120137,1679.3,136.1
2018,703-2,55-25,2015,Yes,Single,,,121 Vassar St,"125 Vassar St
Cambridge, MA",Massachusetts Institute Of Technology,College/University,1964,186998,39.6,0
2018,699-2,55-9,2015,Yes,Single,,,144 Albany St,"144 Albany St
Cambridge, MA",Massachusetts Institute Of Technology,College/University,1963,61937,935.9,
2018,662-11,69-62,2015,Yes,Child,"662-7, 662-11",,20 Sidney St,"55 Franklin St
Cambridge, MA",Massachusetts Institute Of Technology,Supermarket/Grocery Store,1999,42419,811.2,1086
2018,672-7,48-129,2015,Yes,Single,,,40 Ames St,"400 Main St
Cambridge, MA",Massachusetts Institute Of Technology,College/University,1964,149742,1810.2,573
2018,667-6,52A-31,2015,No,Single,,,71 Vassar St,"59 Vassar St
Cambridge, MA",Massachusetts Institute Of Technology,,,,,
2018,665-17,92-126,2015,Yes,Single,,,91 Sidney St,"91 Sidney St
Cambridge, MA",Massachusetts Institute Of Technology,Multifamily Housing,1999,159108,787.9,5531.1
2018,687-3,69-173,2015,No,Single,,,64 Sidney St,"64 Sidney St
Cambridge, MA",Massachusetts Institute Of Technology,,,,,
2018,708-6,57-171,2015,Yes,Single,,,106 Vassar St,"106 Vassar St
Cambridge, MA",Massachusetts Institute Of Technology,College/University,1948,34428,540.9,0
2018,742-1,59-37,2015,Yes,Single,,,410 Memorial Dr,"410 Memorial Dr
Cambridge, MA",Massachusetts Institute Of Technology,College/University,1948,167923,876.1,1307.6
2018,750-7,63-118,2015,Yes,Single,,,600 Memorial Dr,"600 Memorial Dr
Cambridge, MA",Massachusetts Institute Of Technology,College/University,1925,82481,526.4,946.3
2018,695-2,68-76,2015,No,Single,,,40 Landsdowne St,"40 Landsdowne St
Cambridge, MA",Massachusetts Institute Of Technology,,,,,
2018,703-1,56-4,2015,Yes,Single,,,134 Massachusetts Ave,"134 Massachusetts Ave
Cambridge, MA",Massachusetts Institute Of Technology,Self-Storage Facility,1895,202175,,
2018,674-3,48-123,2015,Yes,Single,,,292 Main St,"292 Main St
Cambridge, MA",Massachusetts Institute Of Technology,College/University,1968,66531,211.6,218.4
2018,680-7,47-90,2015,Yes,Single,,,100 Main St,"30 Wadsworth St
Cambridge, MA",Massachusetts Institute Of Technology,College/University,1965,95445,1174,212.4
2018,680-13,47-90,2015,Yes,Single,,,100 Main St,"50 Memorial Dr
Cambridge, MA",Massachusetts Institute Of Technology,College/University,1952,143950,1250.9,1024.8
2018,672-4,48-129,2015,Yes,Single,,,40 Ames St,"50 Ames St
Cambridge, MA",Massachusetts Institute Of Technology,College/University,1964,112799,2260.3,20.7
2018,668-64,52A-21,2015,Yes,Single,,,60 Vassar St,"3 Ames St
Cambridge, MA",Massachusetts Institute Of Technology,College/University,1924,150587,785.1,2244.2
2018,668-24,52A-21,2015,Yes,Single,,,60 Vassar St,"60 Vassar St
Cambridge, MA",Massachusetts Institute Of Technology,College/University,1941,77686,850.8,818.1
2018,672-5,48-129,2015,Yes,Single,,,40 Ames St,"20 Ames St
Cambridge, MA",Massachusetts Institute Of Technology,College/University,1984,120331,812,282
2018,668-56,52A-21,2015,Yes,Single,,,60 Vassar St,"21 Ames St
Cambridge, MA",Massachusetts Institute Of Technology,College/University,1965,143682,5161.2,1476
2018,677-1,47-84,2015,Yes,Single,,,226-254 Main St,"226 Main St
Cambridge, MA",Massachusetts Institute Of Technology,Office,1905,96125,647.6,1434.5
2018,747-2,62-34,2015,Yes,Single,,,560 Memorial Dr,"286 Vassar St
Cambridge, MA",Massachusetts Institute Of Technology,College/University,1963,9321,0,0
2017,695-1,68-77,2015,No,Single,,,26 Landsdowne St,"26 Landsdowne St
Cambridge, MA
(42.361067778, -71.098999435)",Massachusetts Institute Of Technology,Nonresidential,,,,
2017,662-10,69-110,2015,Yes,Child,"662-9, 662-10",,282-290 Massachusetts Ave,"282 Massachusetts Ave
Cambridge, MA
(42.362024879, -71.098068639)",Massachusetts Institute Of Technology,Nonresidential,1968,39470,188,1127
2017,746-5,63-128,2016,Yes,Single,,,345 Vassar St,"345 Vassar St
Cambridge, MA
(42.354473992, -71.106412001)",Massachusetts Institute Of Technology,Nonresidential,2001,26000,8,9
2017,742-1,59-37,2015,Yes,Single,,,410 Memorial Dr,"410 Memorial Dr
Cambridge, MA
(42.355646673, -71.09794121)",Massachusetts Institute Of Technology,Nonresidential,1948,167923,864,3065
2017,672-7,48-129,2015,Yes,Single,,,40 Ames St,"400 Main St
Cambridge, MA
(42.362537543, -71.087804088)",Massachusetts Institute Of Technology,Nonresidential,1964,149742,2033,970
2017,668-56,52A-21,2015,Yes,Single,,,60 Vassar St,"21 Ames St
Cambridge, MA
(42.360504938, -71.088012674)",Massachusetts Institute Of Technology,Nonresidential,1965,143682,5341,2484
2017,668-62,52A-21,2015,Yes,Single,,,60 Vassar St,"3-R Ames St
Cambridge, MA
(42.360045062, -71.087743379)",Massachusetts Institute Of Technology,Nonresidential,1931,77154,0,0
2017,702-3,68-56,2016,Yes,Single,,,167 Albany St,"167 Albany St
Cambridge, MA
(42.359756163, -71.098525009)",Massachusetts Institute Of Technology,Nonresidential,1981,50148,384,204
2017,749-1,65-48,2015,Yes,Single,,,344 Brookline St,"350 Brookline St
Cambridge, MA
(42.355268926, -71.110121905)",Massachusetts Institute Of Technology,Nonresidential,1965,42146,136,528
2017,668-16,52A-21,2015,Yes,Single,,,60 Vassar St,"21 Ames St
Cambridge, MA
(42.360504938, -71.088012674)",Massachusetts Institute Of Technology,Nonresidential,1952,116490,3760,2039
2017,699-2,55-9,2015,Yes,Single,,,144 Albany St,"144 Albany St
Cambridge, MA
(42.35988683, -71.098070067)",Massachusetts Institute Of Technology,Nonresidential,1963,61937,1070,0
2017,708-21,57-171,2015,Yes,Single,,,106 Vassar St,"106 Vassar St
Cambridge, MA
(42.359772322, -71.095588785)",Massachusetts Institute Of Technology,Nonresidential,1980,109398,823,1242
2017,708-19,57-131,2015,Yes,Single,,,120 Massachusetts Ave,"100 Massachusetts Ave
Cambridge, MA
(42.359642049, -71.094235531)",Massachusetts Institute Of Technology,Nonresidential,1959,46574,885,3781
2017,708-16,57-171,2015,Yes,Single,,,106 Vassar St,"410-R Memorial Dr
Cambridge, MA
(42.355646673, -71.09794121)",Massachusetts Institute Of Technology,Nonresidential,1971,27388,149,0
2017,665-15,92-130,2015,Yes,Single,,,80 Auburn Pk,"117 Pacific St
Cambridge, MA
(42.36070392, -71.10293592)",Massachusetts Institute Of Technology,Residential,1990,3449,16,185
2017,662-1,69-159,2015,No,Single,,,350 Massachusetts Ave,"350 Massachusetts Ave
Cambridge, MA
(42.362763792, -71.099314782)",Massachusetts Institute Of Technology,Nonresidential,,,,
2017,668-35,52A-21,2015,Yes,Single,,,60 Vassar St,"127 Massachusetts Ave
Cambridge, MA
(42.360060514, -71.094566157)",Massachusetts Institute Of Technology,Nonresidential,1952,68012,1111,289
2017,669-6,70-34,2015,Yes,Single,,,30 State St,"265 Massachusetts Ave
Cambridge, MA
(42.361889235, -71.097738649)",Massachusetts Institute Of Technology,Nonresidential,1964,103874,886,595
2017,665-5,92-127,2015,Yes,Single,,,45-75 Sidney St,"45 Sidney St
Cambridge, MA
(42.361713317, -71.101108191)",Massachusetts Institute Of Technology,Nonresidential,1998,277000,5993,12816
2017,747-2,62-34,2015,Yes,Single,,,560 Memorial Dr,"286 Vassar St
Cambridge, MA
(42.355687215, -71.103798573)",Massachusetts Institute Of Technology,Nonresidential,1963,9321,0,0
2017,708-13,57-171,2015,Yes,Single,,,106 Vassar St,"48-R Massachusetts Ave
Cambridge, MA
(42.358555539, -71.09332249)",Massachusetts Institute Of Technology,Nonresidential,1956,42146,371,1312
2017,662-9,69-110,2015,Yes,Parent,"662-9, 662-10",,282-290 Massachusetts Ave,"290 Massachusetts Ave
Cambridge, MA
(42.362024879, -71.098068639)",Massachusetts Institute Of Technology,Nonresidential,1968,39470,188,1127
2017,747-9,60-6,2015,Yes,Single,,,500 Memorial Dr,"476 Memorial Dr
Cambridge, MA
(42.354951724, -71.100002954)",Massachusetts Institute Of Technology,Nonresidential,1976,114930,637,2745
2017,665-12,92-130,2015,Yes,Single,,,80 Auburn Pk,"42 Pilgrim St
Cambridge, MA
(42.361394494, -71.102908077)",Massachusetts Institute Of Technology,Residential,1990,5750,26,308
2017,668-14,52A-21,2015,Yes,Single,,,60 Vassar St,"160 Memorial Dr
Cambridge, MA
(42.358874291, -71.088442173)",Massachusetts Institute Of Technology,Nonresidential,1951,154516,1687,2651
2017,695-5,68-74,2015,Yes,Single,,,100 Landsdowne St,"100 Landsdowne St
Cambridge, MA
(42.36011183, -71.101202067)",Massachusetts Institute Of Technology,Residential,2005,239086,871,8722
2017,696-1,47-83,2015,Yes,Single,,,70 Memorial Dr,"70 Memorial Dr
Cambridge, MA
(42.360322651, -71.083981005)",Massachusetts Institute Of Technology,Nonresidential,1980,107991,1205,449
2017,667-7,52A-31,2015,Yes,Single,,,71 Vassar St,"77 Vassar St
Cambridge, MA
(42.360428566, -71.094471976)",Massachusetts Institute Of Technology,Nonresidential,1917,26079,1324,0
2017,714-5,67-49,2015,Yes,Single,,,247 Albany St,"235 Albany St
Cambridge, MA
(42.358765787, -71.10060477)",Massachusetts Institute Of Technology,Nonresidential,2008,252835,1730,8214
2017,699-12,55-20,2016,Yes,Parent,"699-12, 699-17",,184 Albany St,"184 Albany St
Cambridge, MA
(42.359510862, -71.098930542)",Massachusetts Institute Of Technology,Nonresidential,1980,120137,2177,45
2017,667-2,52A-31,2015,Yes,Single,,,71 Vassar St,"43 Vassar St
Cambridge, MA
(42.361281223, -71.092666384)",Massachusetts Institute Of Technology,Nonresidential,2005,418663,13308,14984
2017,687-3,69-173,2015,No,Single,,,64 Sidney St,"64 Sidney St
Cambridge, MA
(42.361080277, -71.101642015)",Massachusetts Institute Of Technology,Nonresidential,,,,
2017,714-4,67-66,2016,Yes,Single,,,287 Albany St,"281 Albany St
Cambridge, MA
(42.357693937, -71.102794526)",Massachusetts Institute Of Technology,Nonresidential,1950,31768,1175,876
2017,699-18,55-19,2015,Yes,Single,,,224 Albany St,"224 Albany St
Cambridge, MA
(42.358898055, -71.100191652)",Massachusetts Institute Of Technology,Nonresidential,1958,85812,594,3560
2017,661-2,71-46,2016,Yes,Single,,,41 Albany St,"600 Main St
Cambridge, MA
(42.362848543, -71.09224301)",Massachusetts Institute Of Technology,Nonresidential,1950,54000,7,
2017,668-24,52A-21,2015,Yes,Single,,,60 Vassar St,"60 Vassar St
Cambridge, MA
(42.361805142, -71.091367418)",Massachusetts Institute Of Technology,Nonresidential,1941,77686,848,1377
2017,668-50,52A-21,2015,Yes,Single,,,60 Vassar St,"142 Memorial Dr
Cambridge, MA
(42.359128078, -71.087666772)",Massachusetts Institute Of Technology,Nonresidential,1917,73703,507,675
2017,674-6,48-143,2016,Yes,Single,,,42 Carleton St,"42 Carleton St
Cambridge, MA
(42.361458978, -71.086223443)",Massachusetts Institute Of Technology,Nonresidential,1975,27424,1010,43
2017,687-2,69-179,2015,No,Single,,,35 Landsdowne St,"35 Landsdowne St
Cambridge, MA
(42.361079558, -71.099240969)",Massachusetts Institute Of Technology,Nonresidential,,,,
2017,665-8,92-130,2015,Yes,Single,,,80 Auburn Pk,"45 Pilgrim St
Cambridge, MA
(42.361521764, -71.102846374)",Massachusetts Institute Of Technology,Residential,1990,9118,36,529
2017,702-6,68-57,2016,Yes,Single,,,175 Albany St,"175 Albany St
Cambridge, MA
(42.359575189, -71.098934509)",Massachusetts Institute Of Technology,Nonresidential,1923,45397,522,0
2017,672-4,48-129,2015,Yes,Single,,,40 Ames St,"50 Ames St
Cambridge, MA
(42.361193597, -71.088264398)",Massachusetts Institute Of Technology,Nonresidential,1964,112799,2084,9221
2017,668-11,52A-21,2015,Yes,Single,,,60 Vassar St,"77-R Massachusetts Ave
Cambridge, MA
(42.35900375, -71.093475332)",Massachusetts Institute Of Technology,Nonresidential,1928,26705,750,509
2017,699-25,56-8,2015,Yes,Single,,,120 Albany St,"138 Albany St
Cambridge, MA
(42.360279863, -71.097170915)",Massachusetts Institute Of Technology,Nonresidential,1955,49933,1201,12151
2017,668-4,52A-21,2015,Yes,Single,,,60 Vassar St,"182-R Memorial Dr
Cambridge, MA
(42.358243692, -71.090179951)",Massachusetts Institute Of Technology,Nonresidential,1916,162565,2128,2804
2017,680-7,47-90,2015,Yes,Single,,,100 Main St,"30 Wadsworth St
Cambridge, MA
(42.360965118, -71.084241431)",Massachusetts Institute Of Technology,Nonresidential,1965,95445,1522,305
2017,668-64,52A-21,2015,Yes,Single,,,60 Vassar St,"3 Ames St
Cambridge, MA
(42.360045062, -71.087743379)",Massachusetts Institute Of Technology,Nonresidential,1924,150587,819,3298
2017,668-68,52A-22,2015,Yes,Single,,,31 Ames St,"31 Ames St
Cambridge, MA
(42.360469806, -71.087958984)",Massachusetts Institute Of Technology,Nonresidential,1994,260390,8343,10435
2017,662-11,69-62,2015,Yes,Child,"662-7, 662-11",,20 Sidney St,"55 Franklin St
Cambridge, MA
(42.361070278, -71.099375386)",Massachusetts Institute Of Technology,Nonresidential,1999,42419,914,1640
2017,747-4,62-34,2015,Yes,Single,,,560 Memorial Dr,"290 Vassar St
Cambridge, MA
(42.355584085, -71.104021131)",Massachusetts Institute Of Technology,Nonresidential,1963,9321,0,0
2017,696-7,52A-19,2015,Yes,Single,,,111 Memorial Dr,"111 Memorial Dr
Cambridge, MA
(42.359412696, -71.08665952)",Massachusetts Institute Of Technology,Nonresidential,1917,18643,210,0
2017,703-6,54-28,2015,Yes,Single,,,269 Vassar St,"229 Vassar St
Cambridge, MA
(42.357143817, -71.100984719)",Massachusetts Institute Of Technology,Nonresidential,2002,191190,1643,5471
2017,708-6,57-171,2015,Yes,Single,,,106 Vassar St,"106 Vassar St
Cambridge, MA
(42.359772322, -71.095588785)",Massachusetts Institute Of Technology,Nonresidential,1948,34428,559,0
2017,668-17,52A-21,2015,Yes,Single,,,60 Vassar St,"76 Vassar St
Cambridge, MA
(42.361147447, -71.09261042)",Massachusetts Institute Of Technology,Nonresidential,1939,6075,52,153
2017,665-3,92-124,2015,Yes,Single,,,88 Auburn Pk,"1 Brookline Pl
Cambridge, MA
(42.360873295, -71.103268614)",Massachusetts Institute Of Technology,Residential,2000,34000,133,1252
2017,672-1,48-129,2015,Yes,Single,,,40 Ames St,"40 Ames St
Cambridge, MA
(42.360862201, -71.088113976)",Massachusetts Institute Of Technology,Nonresidential,1975,83518,1472,16596
2017,665-1,92-124,2015,Yes,Single,,,88 Auburn Pk,"66 Brookline St
Cambridge, MA
(42.362463699, -71.102790486)",Massachusetts Institute Of Technology,Residential,2000,6652,24,296
2017,668-7,52A-21,2015,Yes,Single,,,60 Vassar St,"77 Massachusetts Ave
Cambridge, MA
(42.35900375, -71.093475332)",Massachusetts Institute Of Technology,Nonresidential,1938,119055,1466,2092
2017,665-14,92-125,2016,No,Single,,,30 Pilgrim St,"30 Pilgrim St
Cambridge, MA
(42.360840213, -71.101970736)",Massachusetts Institute Of Technology,Nonresidential,,,,
2017,750-7,63-118,2015,Yes,Single,,,600 Memorial Dr,"600 Memorial Dr
Cambridge, MA
(42.353474487, -71.106623445)",Massachusetts Institute Of Technology,Nonresidential,1925,82481,553,1208
2017,668-34,52A-21,2015,Yes,Single,,,60 Vassar St,"50 Vassar St
Cambridge, MA
(42.361880789, -71.091209451)",Massachusetts Institute Of Technology,Nonresidential,1983,26966,369,
2017,708-18,57-169,2015,Yes,Single,,,76 Massachusetts Ave,"84 Massachusetts Ave
Cambridge, MA
(42.35924739, -71.093787076)",Massachusetts Institute Of Technology,Nonresidential,1965,183162,2813,4406
2017,744-10,66-12,2016,Yes,Single,,,13 Chestnut St,"9 Chestnut St
Cambridge, MA
(42.355481343, -71.106748568)",Massachusetts Institute Of Technology,Nonresidential,1960,79500,62,2
2017,665-16,92-130,2015,Yes,Single,,,80 Auburn Pk,"115 Pacific St
Cambridge, MA
(42.360693413, -71.102917624)",Massachusetts Institute Of Technology,Residential,1990,6505,28,349
2017,668-57,52A-21,2015,Yes,Single,,,60 Vassar St,"6 Vassar St
Cambridge, MA
(42.362465415, -71.090078505)",Massachusetts Institute Of Technology,Nonresidential,1940,39121,442,714
2017,668-39,52A-21,2015,Yes,Single,,,60 Vassar St,"60 Vassar St
Cambridge, MA
(42.361805142, -71.091367418)",Massachusetts Institute Of Technology,Nonresidential,1968,75808,3705,1326
2017,705-1,67-44,2015,Yes,Single,,,24 Waverly St,"100 Sidney St
Cambridge, MA
(42.360059578, -71.102742973)",Massachusetts Institute Of Technology,Nonresidential,2002,362687,1525,10944
2017,668-31,52A-21,2015,Yes,Single,,,60 Vassar St,"70-R Vassar St
Cambridge, MA
(42.361676438, -71.091688427)",Massachusetts Institute Of Technology,Nonresidential,1928,63579,1153,1121
2017,672-5,48-129,2015,Yes,Single,,,40 Ames St,"20 Ames St
Cambridge, MA
(42.360902245, -71.088142512)",Massachusetts Institute Of Technology,Nonresidential,1984,120331,961,403
2017,699-17,55-7,2015,Yes,Child,"699-12, 699-17",,190 Albany St,"190 Albany St
Cambridge, MA
(42.359212165, -71.099557708)",Massachusetts Institute Of Technology,Nonresidential,1980,120137,2177,45
2017,672-6,48-129,2015,Yes,Single,,,40 Ames St,"75 Amherst St
Cambridge, MA
(42.360086702, -71.087422447)",Massachusetts Institute Of Technology,Nonresidential,2009,173875,2729,2546
2017,703-2,55-25,2015,Yes,Single,,,121 Vassar St,"125 Vassar St
Cambridge, MA
(42.359370212, -71.096589064)",Massachusetts Institute Of Technology,Nonresidential,1964,186998,72,0
2017,750-1,62-41,2015,Yes,Single,,,304 Vassar St,"304 Vassar St
Cambridge, MA
(42.355171249, -71.104857566)",Massachusetts Institute Of Technology,Nonresidential,1999,86522,922,434
2017,665-9,92-130,2015,Yes,Single,,,80 Auburn Pk,"41 Pilgrim St
Cambridge, MA
(42.361542241, -71.102966821)",Massachusetts Institute Of Technology,Residential,1990,6350,28,361
2017,747-6,62-34,2015,Yes,Single,,,560 Memorial Dr,"540 Memorial Dr
Cambridge, MA
(42.353965722, -71.103116791)",Massachusetts Institute Of Technology,Nonresidential,1963,162225,1362,10411
2017,668-76,52A-22,2015,Yes,Single,,,31 Ames St,"500 Main St
Cambridge, MA
(42.362926414, -71.092521477)",Massachusetts Institute Of Technology,Nonresidential,2010,367689,9580,15237
2017,747-3,62-34,2015,Yes,Single,,,560 Memorial Dr,"278 Vassar St
Cambridge, MA
(42.355865819, -71.10334406)",Massachusetts Institute Of Technology,Nonresidential,1963,13996,0,0
2017,687-4,69-182,2015,No,Single,,,65 Landsdowne St,"65 Landsdowne St
Cambridge, MA
(42.360381145, -71.100724991)",Massachusetts Institute Of Technology,Nonresidential,,,,
2017,677-1,47-84,2015,Yes,Single,,,226-254 Main St,"226 Main St
Cambridge, MA
(42.362198697, -71.084386687)",Massachusetts Institute Of Technology,Nonresidential,1905,96125,572,789
2017,668-32,52A-21,2015,Yes,Single,,,60 Vassar St,"32 Vassar St
Cambridge, MA
(42.36214386, -71.090702855)",Massachusetts Institute Of Technology,Nonresidential,2004,464005,5328,4553
2017,747-1,60-6,2015,Yes,Single,,,500 Memorial Dr,"450 Memorial Dr
Cambridge, MA
(42.35537716, -71.098877617)",Massachusetts Institute Of Technology,Nonresidential,1970,171141,962,6818
2017,489-2,121-114,2015,Yes,Single,,,1008 Massachusetts Ave,"1008 Massachusetts Ave
Cambridge, MA
(42.369320568, -71.11126012)",Massachusetts Institute Of Technology,Residential,1987,50000,136,2014
2017,652-2,92-118,2015,Yes,Single,,,23 Sidney St,"23 Sidney St
Cambridge, MA
(42.362152794, -71.100539218)",Massachusetts Institute Of Technology,Residential,2005,56631,188,1807
2017,668-26,52A-21,2015,Yes,Single,,,60 Vassar St,"60 Vassar St
Cambridge, MA
(42.361805142, -71.091367418)",Massachusetts Institute Of Technology,Nonresidential,1957,133545,1694,2294
2017,668-6,52A-21,2015,Yes,Single,,,60 Vassar St,"182-R Memorial Dr
Cambridge, MA
(42.358243692, -71.090179951)",Massachusetts Institute Of Technology,Nonresidential,1933,91926,1451,1579
2017,667-4,52A-31,2015,Yes,Single,,,71 Vassar St,"51 Vassar St
Cambridge, MA
(42.361125081, -71.093000143)",Massachusetts Institute Of Technology,Nonresidential,1939,16119,146,0
2017,699-13,55-9,2015,Yes,Single,,,144 Albany St,"170 Albany St
Cambridge, MA
(42.359676822, -71.098531535)",Massachusetts Institute Of Technology,Nonresidential,1962,16137,808,0
2017,680-14,47-90,2015,Yes,Single,,,100 Main St,"100 Main St
Cambridge, MA
(42.36182566, -71.081586056)",Massachusetts Institute Of Technology,Nonresidential,2010,405034,1453,919
2017,708-20,57-171,2015,Yes,Single,,,106 Vassar St,"120 Vassar St
Cambridge, MA
(42.359359827, -71.096293213)",Massachusetts Institute Of Technology,Nonresidential,2002,122080,2349,10156
2017,668-13,52A-21,2015,Yes,Single,,,60 Vassar St,"105-R Massachusetts Ave
Cambridge, MA
(42.359654263, -71.094048233)",Massachusetts Institute Of Technology,Nonresidential,1965,183169,5431,3162
2017,665-7,92-130,2015,Yes,Single,,,80 Auburn Pk,"72 Brookline St
Cambridge, MA
(42.36217936, -71.102999834)",Massachusetts Institute Of Technology,Residential,1990,15441,59,878
2017,747-5,62-34,2015,Yes,Single,,,560 Memorial Dr,"15 Audrey St
Cambridge, MA
(42.354032813, -71.103688687)",Massachusetts Institute Of Technology,Nonresidential,1963,13983,0,0
2017,668-18,52A-21,2015,Yes,Single,,,60 Vassar St,"21 Ames St
Cambridge, MA
(42.360504938, -71.088012674)",Massachusetts Institute Of Technology,Nonresidential,1969,133552,5413,2294
2017,680-2,47-85,2015,Yes,Single,,,84 Wadsworth St,"60 Wadsworth St
Cambridge, MA
(42.361380427, -71.084296841)",Massachusetts Institute Of Technology,Nonresidential,1967,172359,907,9940
2017,665-10,92-130,2015,Yes,Parent,"665-10, 665-11",,80 Auburn Pk,"48 Pilgrim St
Cambridge, MA
(42.361408739, -71.102933006)",Massachusetts Institute Of Technology,Residential,1990,12240,55,657
2017,750-3,62-18,2016,Yes,Single,,,565 Memorial Dr,"565 Memorial Dr
Cambridge, MA
(42.353673104, -71.104036813)",Massachusetts Institute Of Technology,Nonresidential,1949,35748,1422,2641
2017,668-66,52A-21,2015,Yes,Single,,,60 Vassar St,"25 Ames St
Cambridge, MA
(42.360593048, -71.088064561)",Massachusetts Institute Of Technology,Nonresidential,1976,133798,3090,2315
2017,665-11,92-130,2015,Yes,Child,"665-10, 665-11",,80 Auburn Pk,"94 Brookline St
Cambridge, MA
(42.361611988, -71.103571903)",Massachusetts Institute Of Technology,Residential,1990,12240,55,657
2017,668-37,52A-21,2015,Yes,Single,,,60 Vassar St,"70 Vassar St
Cambridge, MA
(42.361676438, -71.091688427)",Massachusetts Institute Of Technology,Nonresidential,1969,102833,2390,1785
2017,687-1,69-165,2015,No,Single,,,38 Sidney St,"38 Sidney St
Cambridge, MA
(42.361612336, -71.101072464)",Massachusetts Institute Of Technology,Nonresidential,,,,
2017,668-9,52A-21,2015,Yes,Single,,,60 Vassar St,"105 Massachusetts Ave
Cambridge, MA
(42.359654263, -71.094048233)",Massachusetts Institute Of Technology,Nonresidential,1967,75421,792,1326
2017,668-38,52A-21,2015,Yes,Single,,,60 Vassar St,"50 Vassar St
Cambridge, MA
(42.361880789, -71.091209451)",Massachusetts Institute Of Technology,Nonresidential,1973,84329,1230,1478
2017,695-2,68-76,2015,No,Single,,,40 Landsdowne St,"40 Landsdowne St
Cambridge, MA
(42.360777997, -71.099650846)",Massachusetts Institute Of Technology,Nonresidential,,,,
2017,680-13,47-90,2015,Yes,Single,,,100 Main St,"50 Memorial Dr
Cambridge, MA
(42.360471753, -71.083501721)",Massachusetts Institute Of Technology,Nonresidential,1952,143950,1486,1785
2017,668-36,52A-21,2015,Yes,Single,,,60 Vassar St,"50 Vassar St
Cambridge, MA
(42.361880789, -71.091209451)",Massachusetts Institute Of Technology,Nonresidential,1973,145819,3471,2499
2017,728-3,58-95,2015,Yes,Single,,,314 Memorial Dr,"320 Memorial Dr
Cambridge, MA
(42.356819699, -71.094419801)",Massachusetts Institute Of Technology,Nonresidential,1963,138589,701,3712
2017,665-2,92-124,2015,Yes,Single,,,88 Auburn Pk,"68-101 Brookline St
Cambridge, MA
(42.361385605, -71.103868202)",Massachusetts Institute Of Technology,Residential,2000,6440,33,264
2017,662-7,69-62,2015,Yes,Parent,"662-7, 662-11",,20 Sidney St,"20 Sidney St
Cambridge, MA
(42.362300243, -71.100245253)",Massachusetts Institute Of Technology,Nonresidential,1999,42419,914,1640
2017,489-10,121-6,2015,Yes,Single,,,1010 Massachusetts Ave,"1010 Massachusetts Ave
Cambridge, MA
(42.369462516, -71.111630052)",Massachusetts Institute Of Technology,Residential,1900,41488,213,1753
2017,672-3,48-129,2015,Yes,Single,,,40 Ames St,"25 Carleton St
Cambridge, MA
(42.360763306, -71.086399469)",Massachusetts Institute Of Technology,Nonresidential,1982,101813,1421,9729
2017,665-17,92-126,2015,Yes,Single,,,91 Sidney St,"91 Sidney St
Cambridge, MA
(42.36065826, -71.10217387)",Massachusetts Institute Of Technology,Residential,1999,159108,873,5883
2017,747-7,61-14,2015,Yes,Single,,,515 Memorial Dr,"500 Memorial Dr
Cambridge, MA
(42.354500709, -71.101360896)",Massachusetts Institute Of Technology,Nonresidential,1981,132006,697,5785
2017,668-54,52A-21,2015,Yes,Single,,,60 Vassar St,"21 Ames St
Cambridge, MA
(42.360504938, -71.088012674)",Massachusetts Institute Of Technology,Nonresidential,1964,129397,1951,2193
2017,747-8,62-36,2015,Yes,Single,,,Audrey St,"550 Memorial Dr
Cambridge, MA
(42.354164716, -71.102380881)",Massachusetts Institute Of Technology,Nonresidential,1973,152315,805,7585
2017,667-1,52A-31,2015,Yes,Single,,,71 Vassar St,"15 Vassar St
Cambridge, MA
(42.362259258, -71.090789919)",Massachusetts Institute Of Technology,Nonresidential,1951,57227,1342,1068
2017,668-8,52A-21,2015,Yes,Single,,,60 Vassar St,"21 Ames St
Cambridge, MA
(42.360504938, -71.088012674)",Massachusetts Institute Of Technology,Nonresidential,1916,65896,1075,1122
2017,674-5,48-107,2016,Yes,Single,,,264 Main St,"55 Hayward St
Cambridge, MA
(42.362059359, -71.085240691)",Massachusetts Institute Of Technology,Nonresidential,1890,42126,290,495
2017,728-1,58-161,2015,Yes,Single,,,305 Memorial Dr,"305 Memorial Dr
Cambridge, MA
(42.357234696, -71.093179853)",Massachusetts Institute Of Technology,Nonresidential,1939,189693,1364,2852
2017,668-5,52A-21,2015,Yes,Single,,,60 Vassar St,"55 Massachusetts Ave
Cambridge, MA
(42.358609316, -71.093214937)",Massachusetts Institute Of Technology,Nonresidential,1920,80942,1332,1427
2017,702-2,68-34,2015,Yes,Single,,,143 Albany St,"143 Albany St
Cambridge, MA
(42.360008163, -71.097925451)",Massachusetts Institute Of Technology,Nonresidential,1922,132530,676,3734
2017,680-10,47-90,2015,Yes,Single,,,100 Main St,"30 Memorial Dr
Cambridge, MA
(42.36101567, -71.081961688)",Massachusetts Institute Of Technology,Nonresidential,1994,30130,273,83
2017,708-5,57-131,2015,Yes,Single,,,120 Massachusetts Ave,"120 Massachusetts Ave
Cambridge, MA
(42.359927451, -71.094547725)",Massachusetts Institute Of Technology,Nonresidential,1957,71444,738,996
2017,666-1,53-61,2015,Yes,Single,,,43 Vassar St,"32 Albany St
Cambridge, MA
(42.361859347, -71.093620253)",Massachusetts Institute Of Technology,Nonresidential,1966,143032,48,
2017,696-5,52A-19,2015,Yes,Single,,,111 Memorial Dr,"70 Amherst St
Cambridge, MA
(42.360259352, -71.086732495)",Massachusetts Institute Of Technology,Nonresidential,1916,64671,453,2068
2017,674-3,48-123,2015,Yes,Single,,,292 Main St,"292 Main St
Cambridge, MA
(42.362387572, -71.085845865)",Massachusetts Institute Of Technology,Nonresidential,1968,66531,318,310
2017,699-19,55-18,2016,Yes,Single,,,234 Albany St,"230 Albany St
Cambridge, MA
(42.358750179, -71.100488128)",Massachusetts Institute Of Technology,Nonresidential,2001,22780,147,3
2017,665-6,92-130,2015,No,Single,,,80 Auburn Pk,"84 Auburn Pk
Cambridge, MA
(42.361866699, -71.102346982)",Massachusetts Institute Of Technology,Residential,,,,
2017,668-10,52A-21,2015,Yes,Single,,,60 Vassar St,"222 Memorial Dr
Cambridge, MA
(42.358087664, -71.09077919)",Massachusetts Institute Of Technology,Nonresidential,1916,143921,2056,2499
2017,699-6,55-9,2015,Yes,Single,,,144 Albany St,"150 Albany St
Cambridge, MA
(42.359883863, -71.098072057)",Massachusetts Institute Of Technology,Nonresidential,1962,144308,1901,1691
2017,687-5,69-183,2015,No,Single,,,88 Sidney St,"88 Sidney St
Cambridge, MA
(42.360590736, -71.102151648)",Massachusetts Institute Of Technology,Nonresidential,,,,
2017,672-8,48-129,2015,Yes,Single,,,40 Ames St,"45 Carleton St
Cambridge, MA
(42.361225292, -71.086329542)",Massachusetts Institute Of Technology,Nonresidential,1982,156676,3703,18438
2017,655-2,70-22,2016,Yes,Single,,,730 Main St,"730 Main St
Cambridge, MA
(42.363088619, -71.095532584)",Massachusetts Institute Of Technology,Nonresidential,1910,38000,3,
2017,668-33,52A-21,2015,Yes,Single,,,60 Vassar St,"125 Massachusetts Ave
Cambridge, MA
(42.359975287, -71.094454843)",Massachusetts Institute Of Technology,Nonresidential,1928,55046,443,257
2017,708-12,57-171,2015,Yes,Single,,,106 Vassar St,"48-R Massachusetts Ave
Cambridge, MA
(42.358555539, -71.09332249)",Massachusetts Institute Of Technology,Nonresidential,1955,5339,59,242
2017,668-3,52A-21,2015,Yes,Single,,,60 Vassar St,"33-R Massachusetts Ave
Cambridge, MA
(42.358249938, -71.093070797)",Massachusetts Institute Of Technology,Nonresidential,1916,160124,2657,2754
2017,668-1,52A-21,2015,Yes,Single,,,60 Vassar St,"33 Massachusetts Ave
Cambridge, MA
(42.358249938, -71.093070797)",Massachusetts Institute Of Technology,Nonresidential,1917,116239,1613,1983
2017,737-2,58-158,2015,Yes,Single,,,360 Memorial Dr,"362 Memorial Dr
Cambridge, MA
(42.356420757, -71.095662298)",Massachusetts Institute Of Technology,Nonresidential,1949,133099,797,298
2017,677-3,47-88,2015,Yes,Single,,,1 Amherst St,"1 Amherst St
Cambridge, MA
(42.360980688, -71.084758881)",Massachusetts Institute Of Technology,Nonresidential,1969,106715,734,783
2017,668-2,52A-21,2015,Yes,Single,,,60 Vassar St,"182 Memorial Dr
Cambridge, MA
(42.358243692, -71.090179951)",Massachusetts Institute Of Technology,Nonresidential,1916,121650,1935,2091
2017,665-4,92-124,2015,Yes,Single,,,88 Auburn Pk,"70 Brookline St
Cambridge, MA
(42.362298613, -71.102882807)",Massachusetts Institute Of Technology,Residential,2000,19156,67,787
2016,668-35,52A-21,2015,Yes,Single,,,33 Massachusetts Ave,"127 Massachusetts Ave
Cambridge, MA
(42.360060514, -71.094566157)",Massachusetts Institute Of Technology,Nonresidential,1952,68012,1307.9,279
2016,680-2,47-85,2015,Yes,Single,,,84 Wadsworth St,"60 Wadsworth St
Cambridge, MA
(42.361380427, -71.084296841)",Massachusetts Institute Of Technology,Nonresidential,1967,172359,1153.8,10321.6
2016,737-2,58-158,2015,Yes,Single,,,360 Memorial Dr,"362 Memorial Dr
Cambridge, MA
(42.356420757, -71.095662298)",Massachusetts Institute Of Technology,Nonresidential,1949,133099,993.9,0.7
2016,668-39,52A-21,2015,Yes,Single,,,33 Massachusetts Ave,"60 Vassar St
Cambridge, MA
(42.361805142, -71.091367418)",Massachusetts Institute Of Technology,Nonresidential,1968,75808,4773.9,671
2016,665-14,92-125,2016,Yes,Single,,,30 Pilgrim St,"30 Pilgrim St
Cambridge, MA
(42.360840213, -71.101970736)",Massachusetts Institute Of Technology,Nonresidential,2000,125610,95.1,40.2
2016,699-16,55-9,2015,Yes,Single,,,144 Albany St,"180 Albany St
Cambridge, MA
(42.35960783, -71.098692042)",Massachusetts Institute Of Technology,Nonresidential,1963,61937,765.4,
2016,655-2,70-22,2016,Yes,Single,,,730 Main St,"730 Main St
Cambridge, MA
(42.363088619, -71.095532584)",Massachusetts Institute Of Technology,Nonresidential,1910,38000,,
2016,672-1,48-129,2015,Yes,Single,,,40 Ames St,"40 Ames St
Cambridge, MA
(42.360862201, -71.088113976)",Massachusetts Institute Of Technology,Nonresidential,1975,83518,1766.6,7196.3
2016,665-7,92-130,2015,Yes,Single,,,80 Auburn Park,"48 Pilgrim St
Cambridge, MA
(42.361408739, -71.102933006)",Massachusetts Institute Of Technology,Residential,1990,15441,67.4,746.7
2016,674-5,48-107,2016,Yes,Single,,,264 Main St,"55 Hayward St
Cambridge, MA
(42.362059359, -71.085240691)",Massachusetts Institute Of Technology,Nonresidential,1890,43981,,
2016,668-37,52A-21,2015,Yes,Single,,,33 Massachusetts Ave,"70 Vassar St
Cambridge, MA
(42.361676438, -71.091688427)",Massachusetts Institute Of Technology,Nonresidential,1969,102833,2652.5,902.2
2016,668-10,52A-21,2015,Yes,Single,,,33 Massachusetts Ave,"222 Memorial Dr
Cambridge, MA
(42.358087664, -71.09077919)",Massachusetts Institute Of Technology,Nonresidential,1916,143921,2578.5,1262.7
2016,668-6,52A-21,2015,Yes,Single,,,33 Massachusetts Ave,"182-R Memorial Dr
Cambridge, MA
(42.358243692, -71.090179951)",Massachusetts Institute Of Technology,Nonresidential,1933,88827,1806.7,798.9
2016,668-9,52A-21,2015,Yes,Single,,,33 Massachusetts Ave,"105 Massachusetts Ave
Cambridge, MA
(42.359654263, -71.094048233)",Massachusetts Institute Of Technology,Nonresidential,1967,75421,1404.1,669.5
2016,668-56,52A-21,2015,Yes,Single,,,33 Massachusetts Ave,"21 Ames St
Cambridge, MA
(42.360504938, -71.088012674)",Massachusetts Institute Of Technology,Nonresidential,1965,143682,6058.5,1257.5
2016,665-8,92-130,2015,Yes,Single,,,80 Auburn Park,"45 Pilgrim St
Cambridge, MA
(42.361521764, -71.102846374)",Massachusetts Institute Of Technology,Residential,1990,9118,40.7,440.9
2016,662-10,69-110,2015,Yes,Child,"662-9, 662-10",,282 Massachusetts Avenue,"290 Massachusetts Avenue
Cambridge, MA
(42.362024879, -71.098068639)",Massachusetts Institute Of Technology,Nonresidential,1968,39470,217.7,1291.1
2016,714-4,67-66,2016,Yes,Single,,,287 Albany St,"281 Albany St
Cambridge, MA
(42.357693937, -71.102794526)",Massachusetts Institute Of Technology,Nonresidential,1950,31768,,
2016,489-10,121-6,2015,Yes,Single,,,1010 Massachusetts Ave,"1010 Massachusetts Ave
Cambridge, MA
(42.369462516, -71.111630052)",Massachusetts Institute Of Technology,Residential,1900,41488,230.3,1765.7
2016,705-1,67-44,2015,Yes,Single,,,24 Waverly St,"100 Sidney St
Cambridge, MA
(42.360059578, -71.102742973)",Massachusetts Institute Of Technology,Nonresidential,2002,362687,1643.8,12324.2
2016,668-13,52A-21,2015,Yes,Single,,,33 Massachusetts Ave,"105-R Massachusetts Ave
Cambridge, MA
(42.359654263, -71.094048233)",Massachusetts Institute Of Technology,Nonresidential,1965,183169,5262.8,1602.3
2016,714-5,67-49,2015,Yes,Single,,,247 Albany St,"235 Albany St
Cambridge, MA
(42.358765787, -71.10060477)",Massachusetts Institute Of Technology,Nonresidential,2008,252835,1859.5,8010.1
2016,747-4,62-34,2015,Yes,Single,,,560 Memorial Dr,"290 Vassar St
Cambridge, MA
(42.355584085, -71.104021131)",Massachusetts Institute Of Technology,Nonresidential,1963,9321,,
2016,668-62,52A-21,2015,Yes,Single,,,33 Massachusetts Ave,"3-R Ames St
Cambridge, MA
(42.360045062, -71.087743379)",Massachusetts Institute Of Technology,Nonresidential,1931,77154,,5886.4
2016,677-3,47-88,2015,Yes,Single,,,1 Amherst St,"1 Amherst St
Cambridge, MA
(42.360980688, -71.084758881)",Massachusetts Institute Of Technology,Nonresidential,1969,106715,877.9,1365.2
2016,672-5,48-129,2015,Yes,Single,,,40 Ames St,"20 Ames St
Cambridge, MA
(42.360902245, -71.088142512)",Massachusetts Institute Of Technology,Nonresidential,1984,120331,1233.9,332.9
2016,708-18,57-169,2015,Yes,Single,,,76 Massachusetts Ave,"84 Massachusetts Ave
Cambridge, MA
(42.35924739, -71.093787076)",Massachusetts Institute Of Technology,Nonresidential,1965,183162,3080.8,4574.3
2016,668-24,52A-21,2015,Yes,Single,,,33 Massachusetts Ave,"60 Vassar St
Cambridge, MA
(42.361805142, -71.091367418)",Massachusetts Institute Of Technology,Nonresidential,1941,77686,912.5,693.4
2016,750-1,62-41,2015,Yes,Single,,,304 Vassar St,"304 Vassar St
Cambridge, MA
(42.355171249, -71.104857566)",Massachusetts Institute Of Technology,Nonresidential,1999,86522,1086.6,362.1
2016,699-13,55-9,2015,Yes,Single,,,144 Albany St,"170 Albany St
Cambridge, MA
(42.359676822, -71.098531535)",Massachusetts Institute Of Technology,Nonresidential,1962,16137,533.3,
2016,687-3,69-173,2015,Yes,Single,,,64 Sidney St,"64 Sidney St
Cambridge, MA
(42.361080277, -71.101642015)",Massachusetts Institute Of Technology,Nonresidential,1980,126000,2193.4,6.9
2016,703-2,55-25,2015,Yes,Single,,,121 Vassar St,"125 Vassar St
Cambridge, MA
(42.359370212, -71.096589064)",Massachusetts Institute Of Technology,Nonresidential,1980,120137,89.5,3
2016,672-4,48-129,2015,Yes,Single,,,40 Ames St,"50 Ames St
Cambridge, MA
(42.361193597, -71.088264398)",Massachusetts Institute Of Technology,Nonresidential,1964,112799,3043,3020.6
2016,665-1,92-124,2015,Yes,Single,,,88 Auburn Park,"66 Brookline St
Cambridge, MA
(42.362463699, -71.102790486)",Massachusetts Institute Of Technology,Residential,2000,6652,19.7,369.5
2016,703-6,54-28,2015,Yes,Single,,,269 Vassar St,"229 Vassar St
Cambridge, MA
(42.357143817, -71.100984719)",Massachusetts Institute Of Technology,Nonresidential,2002,191190,1777.2,4937.9
2016,668-2,52A-21,2015,Yes,Single,,,33 Massachusetts Ave,"182 Memorial Dr
Cambridge, MA
(42.358243692, -71.090179951)",Massachusetts Institute Of Technology,Nonresidential,1916,121650,2221.1,1057.7
2016,750-3,62-18,2016,Yes,Single,,,565 Memorial Dr,"565 Memorial Dr
Cambridge, MA
(42.353673104, -71.104036813)",Massachusetts Institute Of Technology,Nonresidential,1949,35748,,
2016,699-18,55-19,2015,Yes,Single,,,224 Albany St,"224 Albany St
Cambridge, MA
(42.358898055, -71.100191652)",Massachusetts Institute Of Technology,Nonresidential,1958,85812,661.1,2769.3
2016,668-17,52A-21,2015,Yes,Single,,,33 Massachusetts Ave,"76 Vassar St
Cambridge, MA
(42.361147447, -71.09261042)",Massachusetts Institute Of Technology,Nonresidential,1939,6075,59.8,74.1
2016,668-3,52A-21,2015,Yes,Single,,,33 Massachusetts Ave,"33-R Massachusetts Ave
Cambridge, MA
(42.358249938, -71.093070797)",Massachusetts Institute Of Technology,Nonresidential,1916,160124,3301.3,1397.4
2016,746-6,63-128,2016,Yes,Child,"746-5, 746-6",,345 Vassar St,"345 Vassar St
Cambridge, MA
(42.354473992, -71.106412001)",Massachusetts Institute Of Technology,Nonresidential,2001,26000,,
2016,696-7,52A-19,2015,Yes,Single,,,111 Memorial Dr,"111 Memorial Dr
Cambridge, MA
(42.359412696, -71.08665952)",Massachusetts Institute Of Technology,Nonresidential,1917,18643,268.3,
2016,695-1,68-77,2015,Yes,Single,,,26 Landsdowne St,"26 Landsdowne St
Cambridge, MA
(42.361067778, -71.098999435)",Massachusetts Institute Of Technology,Nonresidential,1987,99000,2234.5,4061
2016,695-2,68-76,2015,Yes,Single,,,40 Landsdowne St,"40 Landsdowne St
Cambridge, MA
(42.360777997, -71.099650846)",Massachusetts Institute Of Technology,Nonresidential,2003,214638,6794.8,8483.4
2016,668-18,52A-21,2015,Yes,Single,,,33 Massachusetts Ave,"21 Ames St
Cambridge, MA
(42.360504938, -71.088012674)",Massachusetts Institute Of Technology,Nonresidential,1969,133552,5567,1165.5
2016,668-7,52A-21,2015,Yes,Single,,,33 Massachusetts Ave,"77 Massachusetts Ave
Cambridge, MA
(42.35900375, -71.093475332)",Massachusetts Institute Of Technology,Nonresidential,1938,100553,2057,1054
2016,747-1,60-6,2015,Yes,Single,,,500 Memorial Dr,"450 Memorial Dr
Cambridge, MA
(42.35537716, -71.098877617)",Massachusetts Institute Of Technology,Nonresidential,1970,171141,1035.2,6672.6
2016,668-36,52A-21,2015,Yes,Single,,,33 Massachusetts Ave,"50 Vassar St
Cambridge, MA
(42.361880789, -71.091209451)",Massachusetts Institute Of Technology,Nonresidential,1973,145819,3747.8,1267.9
2016,672-8,48-129,2015,Yes,Single,,,40 Ames St,"45 Carleton St
Cambridge, MA
(42.361225292, -71.086329542)",Massachusetts Institute Of Technology,Nonresidential,1982,156676,4279.1,6041.3
2016,667-4,52A-31,2015,Yes,Single,,,71 Vassar St,"51 Vassar St
Cambridge, MA
(42.361125081, -71.093000143)",Massachusetts Institute Of Technology,Nonresidential,1939,16119,242.8,
2016,668-64,52A-21,2015,Yes,Single,,,33 Massachusetts Ave,"3 Ames St
Cambridge, MA
(42.360045062, -71.087743379)",Massachusetts Institute Of Technology,Nonresidential,1924,73433,1051.1,
2016,680-7,47-90,2015,Yes,Single,,,36 Memorial Dr,"30 Wadsworth St
Cambridge, MA
(42.360965118, -71.084241431)",Massachusetts Institute Of Technology,Nonresidential,1965,95445,1501.2,453.3
2016,699-2,55-9,2015,Yes,Parent,"699-2, 699-16",,144 Albany St,"144 Albany St
Cambridge, MA
(42.35988683, -71.098070067)",Massachusetts Institute Of Technology,Nonresidential,1963,61937,765.4,
2016,668-32,52A-21,2015,Yes,Single,,,33 Massachusetts Ave,"32 Vassar St
Cambridge, MA
(42.36214386, -71.090702855)",Massachusetts Institute Of Technology,Nonresidential,2004,464005,6209.4,5983.7
2016,750-7,63-118,2015,Yes,Single,,,600 Memorial Dr,"600 Memorial Dr
Cambridge, MA
(42.353474487, -71.106623445)",Massachusetts Institute Of Technology,Nonresidential,1925,82481,576.6,1117.6
2016,668-11,52A-21,2015,Yes,Single,,,33 Massachusetts Ave,"77-R Massachusetts Ave
Cambridge, MA
(42.35900375, -71.093475332)",Massachusetts Institute Of Technology,Nonresidential,1928,26705,679.8,252.1
2016,747-9,60-6,2015,Yes,Single,,,500 Memorial Dr,"476 Memorial Dr
Cambridge, MA
(42.354951724, -71.100002954)",Massachusetts Institute Of Technology,Nonresidential,1976,114930,592,3613.1
2016,708-6,57-171,2015,Yes,Single,,,106 Vassar St,"106 Vassar St
Cambridge, MA
(42.359772322, -71.095588785)",Massachusetts Institute Of Technology,Nonresidential,1948,34428,581.7,
2016,665-12,92-130,2015,Yes,Single,,,80 Auburn Park,"42 Pilgrim St
Cambridge, MA
(42.361394494, -71.102908077)",Massachusetts Institute Of Technology,Residential,1990,5750,29.1,302.6
2016,668-76,52A-22,2015,Yes,Single,,,31 Ames St,"500 Main St
Cambridge, MA
(42.362926414, -71.092521477)",Massachusetts Institute Of Technology,Nonresidential,2010,367689,9679,11870.1
2016,680-13,47-90,2015,Yes,Single,,,36 Memorial Dr,"50 Memorial Dr
Cambridge, MA
(42.360471753, -71.083501721)",Massachusetts Institute Of Technology,Nonresidential,1952,143950,,
2016,668-14,52A-21,2015,Yes,Single,,,33 Massachusetts Ave,"160 Memorial Dr
Cambridge, MA
(42.358874291, -71.088442173)",Massachusetts Institute Of Technology,Nonresidential,1951,154516,2244.2,1342.8
2016,668-50,52A-21,2015,Yes,Single,,,33 Massachusetts Ave,"142 Memorial Dr
Cambridge, MA
(42.359128078, -71.087666772)",Massachusetts Institute Of Technology,Nonresidential,1917,73703,823.8,1496.1
2016,702-3,68-56,2016,Yes,Single,,,167 Albany St,"167 Albany St
Cambridge, MA
(42.359756163, -71.098525009)",Massachusetts Institute Of Technology,Nonresidential,1981,50148,,
2016,747-3,62-34,2015,Yes,Single,,,560 Memorial Dr,"278 Vassar St
Cambridge, MA
(42.355865819, -71.10334406)",Massachusetts Institute Of Technology,Nonresidential,1963,13996,,
2016,708-5,57-131,2015,Yes,Single,,,120 Massachusetts Ave,"120 Massachusetts Ave
Cambridge, MA
(42.359927451, -71.094547725)",Massachusetts Institute Of Technology,Nonresidential,1957,71444,829.8,703.9
2016,746-5,63-128,2016,Yes,Parent,"746-5, 746-6",,345 Vassar St,"345 Vassar St
Cambridge, MA
(42.354473992, -71.106412001)",Massachusetts Institute Of Technology,Nonresidential,2001,26000,,
2016,668-4,52A-21,2015,Yes,Single,,,33 Massachusetts Ave,"182-R Memorial Dr
Cambridge, MA
(42.358243692, -71.090179951)",Massachusetts Institute Of Technology,Nonresidential,1916,162565,2761.5,1423.5
2016,667-2,52A-31,2015,Yes,Single,,,71 Vassar St,"43 Vassar St
Cambridge, MA
(42.361281223, -71.092666384)",Massachusetts Institute Of Technology,Nonresidential,2005,418663,14558.7,17283.7
2016,668-34,52A-21,2015,Yes,Single,,,33 Massachusetts Ave,"50 Vassar St
Cambridge, MA
(42.361880789, -71.091209451)",Massachusetts Institute Of Technology,Nonresidential,1983,26966,532.2,
2016,747-8,62-36,2015,Yes,Single,,,Audrey St.,"550 Memorial Dr
Cambridge, MA
(42.354164716, -71.102380881)",Massachusetts Institute Of Technology,Nonresidential,1973,152315,1008.9,7340.6
2016,665-17,92-126,2015,Yes,Single,,,91 Sidney St,"91 Sidney St
Cambridge, MA
(42.36065826, -71.10217387)",Massachusetts Institute Of Technology,Residential,1999,159108,1042.5,5651.8
2016,747-7,61-14,2015,Yes,Single,,,515 Memorial Dr,"500 Memorial Dr
Cambridge, MA
(42.354500709, -71.101360896)",Massachusetts Institute Of Technology,Nonresidential,1981,132006,769.9,4679.8
2016,687-1,69-165,2015,Yes,Single,,,38 Sidney St,"38 Sidney St
Cambridge, MA
(42.361612336, -71.101072464)",Massachusetts Institute Of Technology,Nonresidential,1980,122000,2449.7,4463.9
2016,672-7,48-129,2015,Yes,Single,,,40 Ames St,"400 Main St
Cambridge, MA
(42.362537543, -71.087804088)",Massachusetts Institute Of Technology,Nonresidential,1964,149742,1716.8,769.7
2016,674-3,48-123,2015,Yes,Single,,,292 Main St,"292 Main St
Cambridge, MA
(42.362387572, -71.085845865)",Massachusetts Institute Of Technology,Nonresidential,1968,66531,336.9,366.5
2016,666-1,53-61,2015,Yes,Single,,,43 Vassar St,"32 Albany St
Cambridge, MA
(42.361859347, -71.093620253)",Massachusetts Institute Of Technology,Nonresidential,1966,143032,58.9,
2016,665-5,92-127,2015,Yes,Single,,,45-75 Sidney St,"45 Sidney St
Cambridge, MA
(42.361713317, -71.101108191)",Massachusetts Institute Of Technology,Nonresidential,1998,277000,7616.8,13742
2016,668-54,52A-21,2015,Yes,Single,,,33 Massachusetts Ave,"21 Ames St
Cambridge, MA
(42.360504938, -71.088012674)",Massachusetts Institute Of Technology,Nonresidential,1964,129397,2063.6,1113.8
2016,747-5,62-34,2015,Yes,Single,,,560 Memorial Dr,"15 Audrey St
Cambridge, MA
(42.354032813, -71.103688687)",Massachusetts Institute Of Technology,Nonresidential,1963,13983,,
2016,672-6,48-129,2015,Yes,Single,,,40 Ames St,"75 Amherst St
Cambridge, MA
(42.360086702, -71.087422447)",Massachusetts Institute Of Technology,Nonresidential,2009,173875,2907,3545.8
2016,687-2,69-179,2015,Yes,Single,,,35 Landsdowne St,"35 Landsdowne St
Cambridge, MA
(42.361079558, -71.099240969)",Massachusetts Institute Of Technology,Nonresidential,2002,202423,8421.9,10876.3
2016,696-5,52A-19,2015,Yes,Single,,,111 Memorial Dr,"70 Amherst St
Cambridge, MA
(42.360259352, -71.086732495)",Massachusetts Institute Of Technology,Nonresidential,1916,64671,545.7,2694.5
2016,669-6,70-34,2015,Yes,Single,,,30 State St,"265 Massachusetts Ave
Cambridge, MA
(42.361889235, -71.097738649)",Massachusetts Institute Of Technology,Nonresidential,1964,103874,826.7,325.4
2016,695-5,68-74,2015,Yes,Single,,,100 Landsdowne Street,"100 Landsdowne St
Cambridge, MA
(42.36011183, -71.101202067)",Massachusetts Institute Of Technology,Residential,2005,239086,1019.6,8541.6
2016,747-6,62-34,2015,Yes,Single,,,560 Memorial Dr,"540 Memorial Dr
Cambridge, MA
(42.353965722, -71.103116791)",Massachusetts Institute Of Technology,Nonresidential,1963,115604,1426,9569.8
2016,667-7,52A-31,2015,Yes,Single,,,71 Vassar St,"77 Vassar St
Cambridge, MA
(42.360428566, -71.094471976)",Massachusetts Institute Of Technology,Nonresidential,1917,26079,1135.4,
2016,699-25,56-8,2015,Yes,Single,,,120 Albany St,"138 Albany St
Cambridge, MA
(42.360279863, -71.097170915)",Massachusetts Institute Of Technology,Nonresidential,1955,49933,1103.4,9481.6
2016,665-6,92-130,2015,Yes,Single,,,80 Auburn Park,"72 Brookline St
Cambridge, MA
(42.36217936, -71.102999834)",Massachusetts Institute Of Technology,Residential,1990,21327,127.8,671
2016,699-17,55-7,2015,Yes,Child,"699-12, 699-17",,190 Albany St,"190 Albany St
Cambridge, MA
(42.359212165, -71.099557708)",Massachusetts Institute Of Technology,Nonresidential,1980,120137,2469.7,
2016,677-1,47-84,2015,Yes,Single,,,226-254 Main St,"226 Main St
Cambridge, MA
(42.362198697, -71.084386687)",Massachusetts Institute Of Technology,Nonresidential,1905,96125,721.6,860.1
2016,703-1,56-4,2015,Yes,Single,,,134 Massachusetts Ave,"134 Massachusetts Ave
Cambridge, MA
(42.360242522, -71.095037578)",Massachusetts Institute Of Technology,Nonresidential,1895,202175,32.3,86.4
2016,668-16,52A-21,2015,Yes,Single,,,33 Massachusetts Ave,"21 Ames St
Cambridge, MA
(42.360504938, -71.088012674)",Massachusetts Institute Of Technology,Nonresidential,1952,116490,3989.4,1028.6
2016,702-2,68-34,2015,Yes,Single,,,143 Albany St,"143 Albany St
Cambridge, MA
(42.360008163, -71.097925451)",Massachusetts Institute Of Technology,Nonresidential,1922,132530,739.6,3993.1
2016,708-13,57-171,2015,Yes,Single,,,106 Vassar St,"48-R Massachusetts Ave
Cambridge, MA
(42.358555539, -71.09332249)",Massachusetts Institute Of Technology,Nonresidential,1956,42146,668.2,897.7
2016,652-2,92-118,2015,Yes,Single,,,23 Sidney Street,"23 Sidney St
Cambridge, MA
(42.362152794, -71.100539218)",Massachusetts Institute Of Technology,Residential,2005,56631,245.8,1675.7
2016,665-4,92-124,2015,Yes,Single,,,88 Auburn Park,"70 Brookline St
Cambridge, MA
(42.362298613, -71.102882807)",Massachusetts Institute Of Technology,Residential,2000,19156,73.9,777.6
2016,702-6,68-57,2016,Yes,Single,,,175 Albany St,"175 Albany St
Cambridge, MA
(42.359575189, -71.098934509)",Massachusetts Institute Of Technology,Nonresidential,1923,45397,,
2016,708-16,57-171,2015,Yes,Single,,,106 Vassar St,"410-R Memorial Dr
Cambridge, MA
(42.355646673, -71.09794121)",Massachusetts Institute Of Technology,Nonresidential,1971,25693,156.5,
2016,668-57,52A-21,2015,Yes,Single,,,33 Massachusetts Ave,"6 Vassar St
Cambridge, MA
(42.362465415, -71.090078505)",Massachusetts Institute Of Technology,Nonresidential,1940,39121,626.3,357.6
2016,688-2,68-50,2015,Yes,Single,,,254 Massachusetts Ave,"192 Massachusetts Ave
Cambridge, MA
(42.361128509, -71.096649271)",Massachusetts Institute Of Technology,Nonresidential,2003,71092,606,1647
2016,744-10,66-12,2016,Yes,Single,,,13 Chestnut St,"9 Chestnut St
Cambridge, MA
(42.355481343, -71.106748568)",Massachusetts Institute Of Technology,Nonresidential,1960,79500,,
2016,665-10,92-130,2015,Yes,Parent,"665-10, 665-11",,80 Auburn Park,"84 Auburn Pk
Cambridge, MA
(42.361866699, -71.102346982)",Massachusetts Institute Of Technology,Residential,1990,12240,56.3,644.1
2016,662-11,69-62,2015,Yes,Single,,,20 Sidney St,"55 Franklin St
Cambridge, MA
(42.361070278, -71.099375386)",Massachusetts Institute Of Technology,Residential,1998,202615,1901.7,11757.9
2016,747-2,62-34,2015,Yes,Single,,,560 Memorial Dr,"286 Vassar St
Cambridge, MA
(42.355687215, -71.103798573)",Massachusetts Institute Of Technology,Nonresidential,1963,9321,,
2016,665-9,92-130,2015,Yes,Single,,,80 Auburn Park,"41 Pilgrim St
Cambridge, MA
(42.361542241, -71.102966821)",Massachusetts Institute Of Technology,Residential,1990,6350,30.7,307.1
2016,680-10,47-90,2015,Yes,Single,,,36 Memorial Dr,"30 Memorial Dr
Cambridge, MA
(42.36101567, -71.081961688)",Massachusetts Institute Of Technology,Nonresidential,1994,30130,248.4,93.5
2016,662-9,69-110,2015,Yes,Parent,"662-9, 662-10",,282 Massachusetts Avenue,"282 Massachusetts Avenue
Cambridge, MA
(42.362024879, -71.098068639)",Massachusetts Institute Of Technology,Nonresidential,1968,39470,217.7,1291.1
2016,728-3,58-95,2015,Yes,Single,,,314 Memorial Dr,"320 Memorial Dr
Cambridge, MA
(42.356819699, -71.094419801)",Massachusetts Institute Of Technology,Nonresidential,1963,128990,953,4432.2
2016,665-3,92-124,2015,Yes,Single,,,88 Auburn Park,"1 Brookline Pl
Cambridge, MA
(42.360873295, -71.103268614)",Massachusetts Institute Of Technology,Residential,2000,34000,148.1,1365.2
2016,749-1,65-48,2015,Yes,Single,,,344 Brookline St,"350 Brookline St
Cambridge, MA
(42.355268926, -71.110121905)",Massachusetts Institute Of Technology,Nonresidential,1965,42146,169.8,118.2
2016,699-6,55-9,2015,Yes,Single,,,144 Albany St,"150 Albany St
Cambridge, MA
(42.359883863, -71.098072057)",Massachusetts Institute Of Technology,Nonresidential,1962,144308,2028.2,4700.8
2016,708-19,57-131,2015,Yes,Single,,,120 Massachusetts Ave,"100 Massachusetts Ave
Cambridge, MA
(42.359642049, -71.094235531)",Massachusetts Institute Of Technology,Nonresidential,1959,46574,931.3,3101.4
2016,708-20,57-171,2015,Yes,Single,,,106 Vassar St,"120 Vassar St
Cambridge, MA
(42.359359827, -71.096293213)",Massachusetts Institute Of Technology,Nonresidential,2002,122080,2353.9,8577.2
2016,668-1,52A-21,2015,Yes,Single,,,33 Massachusetts Ave,"33 Massachusetts Ave
Cambridge, MA
(42.358249938, -71.093070797)",Massachusetts Institute Of Technology,Nonresidential,1917,116239,2029,1003.1
2016,668-31,52A-21,2015,Yes,Single,,,33 Massachusetts Ave,"70-R Vassar St
Cambridge, MA
(42.361676438, -71.091688427)",Massachusetts Institute Of Technology,Nonresidential,1928,63579,1353.9,566.3
2016,687-5,69-183,2015,Yes,Single,,,88 Sidney St,"88 Sidney St
Cambridge, MA
(42.360590736, -71.102151648)",Massachusetts Institute Of Technology,Nonresidential,2002,145275,2313,3662.5
2016,668-8,52A-21,2015,Yes,Single,,,33 Massachusetts Ave,"21 Ames St
Cambridge, MA
(42.360504938, -71.088012674)",Massachusetts Institute Of Technology,Nonresidential,1916,65896,1313.6,570
2016,674-6,48-143,2016,Yes,Single,,,42 Carleton St,"42 Carleton St
Cambridge, MA
(42.361458978, -71.086223443)",Massachusetts Institute Of Technology,Nonresidential,1975,27424,,
2016,665-11,92-130,2015,Yes,Child,"665-10, 665-11",,80 Auburn Park,"94 Brookline St
Cambridge, MA
(42.361611988, -71.103571903)",Massachusetts Institute Of Technology,Residential,1990,12240,56.3,644.1
2016,668-68,52A-22,2015,Yes,Single,,,31 Ames St,"31 Ames St
Cambridge, MA
(42.360469806, -71.087958984)",Massachusetts Institute Of Technology,Nonresidential,1994,260390,8850.6,29419.4
2016,708-21,57-171,2015,Yes,Single,,,106 Vassar St,"120 Vassar St
Cambridge, MA
(42.359359827, -71.096293213)",Massachusetts Institute Of Technology,Nonresidential,1980,109398,834.5,1315.1
2016,699-12,55-20,2016,Yes,Parent,"699-12, 699-17",,184 Albany St,"184 Albany St
Cambridge, MA
(42.359510862, -71.098930542)",Massachusetts Institute Of Technology,Nonresidential,1980,120137,,
2016,662-1,69-159,2015,Yes,Single,,,350 Massachusetts Ave,"350 Massachusetts Ave
Cambridge, MA
(42.362763792, -71.099314782)",Massachusetts Institute Of Technology,Nonresidential,1980,103825,1475.8,2972.8
2016,667-1,52A-31,2015,Yes,Single,,,71 Vassar St,"15 Vassar St
Cambridge, MA
(42.362259258, -71.090789919)",Massachusetts Institute Of Technology,Nonresidential,1951,57227,1324.3,1165.5
2016,687-4,69-182,2015,Yes,Single,,,65 Landsdowne St,"65 Landsdowne St
Cambridge, MA
(42.360381145, -71.100724991)",Massachusetts Institute Of Technology,Nonresidential,2001,122410,2162.9,5108.6
2016,668-38,52A-21,2015,Yes,Single,,,33 Massachusetts Ave,"50 Vassar St
Cambridge, MA
(42.361880789, -71.091209451)",Massachusetts Institute Of Technology,Nonresidential,1973,84329,1359,747.3
2016,665-16,92-130,2015,Yes,Single,,,80 Auburn Park,"115 Pacific St
Cambridge, MA
(42.360693413, -71.102917624)",Massachusetts Institute Of Technology,Residential,1990,6505,31.9,342.3
2016,662-7,69-62,2015,Yes,Single,,,20 Sidney St,"20 Sidney St
Cambridge, MA
(42.362300243, -71.100245253)",Massachusetts Institute Of Technology,Residential,1999,42419,1031.1,2452
2016,672-3,48-129,2015,Yes,Single,,,40 Ames St,"25 Carleton St
Cambridge, MA
(42.360763306, -71.086399469)",Massachusetts Institute Of Technology,Nonresidential,1982,101813,2085.2,3188.2
2016,668-33,52A-21,2015,Yes,Single,,,33 Massachusetts Ave,"125 Massachusetts Ave
Cambridge, MA
(42.359975287, -71.094454843)",Massachusetts Institute Of Technology,Nonresidential,1928,55046,532.6,272.3
2016,708-12,57-171,2015,Yes,Single,,,106 Vassar St,"48-R Massachusetts Ave
Cambridge, MA
(42.358555539, -71.09332249)",Massachusetts Institute Of Technology,Nonresidential,1955,5339,64.5,173.5
2016,661-2,71-46,2016,Yes,Single,,,41 Albany St,"600 Main St
Cambridge, MA
(42.362848543, -71.09224301)",Massachusetts Institute Of Technology,Nonresidential,1950,54000,,
2016,680-14,47-90,2015,Yes,Single,,,36 Memorial Dr,"100 Main St
Cambridge, MA
(42.36182566, -71.081586056)",Massachusetts Institute Of Technology,Nonresidential,2010,405034,1670.7,664.3
2016,728-1,58-161,2015,Yes,Single,,,305 Memorial Dr,"305 Memorial Dr
Cambridge, MA
(42.357234696, -71.093179853)",Massachusetts Institute Of Technology,Nonresidential,1939,189693,1477.5,5076.3
2016,668-26,52A-21,2015,Yes,Single,,,33 Massachusetts Ave,"60 Vassar St
Cambridge, MA
(42.361805142, -71.091367418)",Massachusetts Institute Of Technology,Nonresidential,1957,133545,1940,1165.5
2016,665-15,92-130,2015,Yes,Single,,,80 Auburn Park,"117 Pacific St
Cambridge, MA
(42.36070392, -71.10293592)",Massachusetts Institute Of Technology,Residential,1990,3449,16.9,181.5
2016,668-5,52A-21,2015,Yes,Single,,,33 Massachusetts Ave,"55 Massachusetts Ave
Cambridge, MA
(42.358609316, -71.093214937)",Massachusetts Institute Of Technology,Nonresidential,1920,80942,1669.8,720.4
2016,699-19,55-18,2016,Yes,Single,,,234 Albany St,"230 Albany St
Cambridge, MA
(42.358750179, -71.100488128)",Massachusetts Institute Of Technology,Nonresidential,2001,22780,,
2016,696-1,47-83,2015,Yes,Single,,,70 Memorial Dr,"70 Memorial Dr
Cambridge, MA
(42.360322651, -71.083981005)",Massachusetts Institute Of Technology,Nonresidential,1980,107991,1255.1,456.3
2016,665-2,92-124,2015,Yes,Single,,,88 Auburn Park,"68-101 Brookline St
Cambridge, MA
(42.361385605, -71.103868202)",Massachusetts Institute Of Technology,Residential,2000,6440,31.2,261.4
2016,742-1,59-37,2015,Yes,Single,,,410 Memorial Dr,"410 Memorial Dr
Cambridge, MA
(42.355646673, -71.09794121)",Massachusetts Institute Of Technology,Nonresidential,1948,167923,894.1,3376
2016,668-66,52A-21,2015,Yes,Single,,,33 Massachusetts Ave,"25 Ames St
Cambridge, MA
(42.360593048, -71.088064561)",Massachusetts Institute Of Technology,Nonresidential,1976,133798,3732.7,1171.4